-- Data Import Script for SJSU Exam Scheduler
-- This script populates the database with exam data

-- Insert current semester exam data (from SJSU_Sample_Exam_Schedule.csv)
INSERT INTO current_exams (course, section, course_title, exam_type, exam_start_time, exam_end_time, building, room, rows_from, row_start, row_end) VALUES
('CS 46A', '1', 'Introduction to Programming', 'IN-PERSON - FORMAL EXAM - SJSU CAMPUS', '2024-12-15 08:30:00', '2024-12-15 10:30:00', 'ENG', '280', '1-15', 'AAA', 'ZZZ'),
('CS 46A', '2', 'Introduction to Programming', 'IN-PERSON - FORMAL EXAM - SJSU CAMPUS', '2024-12-15 08:30:00', '2024-12-15 10:30:00', 'ENG', '280', '16-30', 'AAA', 'ZZZ'),
('CS 46B', '1', 'Advanced Programming', 'IN-PERSON - FORMAL EXAM - SJSU CAMPUS', '2024-12-16 08:30:00', '2024-12-16 10:30:00', 'ENG', '280', '1-20', 'AAA', 'ZZZ'),
('CS 146', '1', 'Data Structures and Algorithms', 'IN-PERSON - FORMAL EXAM - SJSU CAMPUS', '2024-12-17 08:30:00', '2024-12-17 10:30:00', 'ENG', '280', '1-25', 'AAA', 'ZZZ'),
('CS 151', '1', 'Object-Oriented Design', 'IN-PERSON - FORMAL EXAM - SJSU CAMPUS', '2024-12-18 08:30:00', '2024-12-18 10:30:00', 'ENG', '280', '1-20', 'AAA', 'ZZZ'),
('MATH 30', '1', 'Calculus I', 'IN-PERSON - FORMAL EXAM - SJSU CAMPUS', '2024-12-15 08:30:00', '2024-12-15 10:30:00', 'SCI', '206', '1-30', 'AAA', 'ZZZ'),
('MATH 31', '1', 'Calculus II', 'IN-PERSON - FORMAL EXAM - SJSU CAMPUS', '2024-12-16 08:30:00', '2024-12-16 10:30:00', 'SCI', '206', '1-25', 'AAA', 'ZZZ'),
('MATH 32', '1', 'Calculus III', 'IN-PERSON - FORMAL EXAM - SJSU CAMPUS', '2024-12-17 08:30:00', '2024-12-17 10:30:00', 'SCI', '206', '1-20', 'AAA', 'ZZZ'),
('PHYS 50', '1', 'General Physics/Mechanics', 'IN-PERSON - FORMAL EXAM - SJSU CAMPUS', '2024-12-15 08:30:00', '2024-12-15 10:30:00', 'SCI', '201', '1-35', 'AAA', 'ZZZ'),
('PHYS 51', '1', 'General Physics/Electricity', 'IN-PERSON - FORMAL EXAM - SJSU CAMPUS', '2024-12-16 08:30:00', '2024-12-16 10:30:00', 'SCI', '201', '1-30', 'AAA', 'ZZZ'),
('ENGL 1A', '1', 'First Year Writing', 'IN-PERSON - FORMAL EXAM - SJSU CAMPUS', '2024-12-15 08:30:00', '2024-12-15 10:30:00', 'CL', '201', '1-25', 'AAA', 'ZZZ'),
('ENGL 1B', '1', 'First Year Writing', 'IN-PERSON - FORMAL EXAM - SJSU CAMPUS', '2024-12-16 08:30:00', '2024-12-16 10:30:00', 'CL', '201', '1-25', 'AAA', 'ZZZ'),
('HIST 15', '1', 'World History', 'IN-PERSON - FORMAL EXAM - SJSU CAMPUS', '2024-12-17 08:30:00', '2024-12-17 10:30:00', 'CL', '202', '1-30', 'AAA', 'ZZZ'),
('HIST 20', '1', 'US History', 'IN-PERSON - FORMAL EXAM - SJSU CAMPUS', '2024-12-18 08:30:00', '2024-12-18 10:30:00', 'CL', '202', '1-30', 'AAA', 'ZZZ'),
('BUS 190', '1', 'Strategic Management', 'IN-PERSON - FORMAL EXAM - SJSU CAMPUS', '2024-12-15 08:30:00', '2024-12-15 10:30:00', 'BUS', '201', '1-40', 'AAA', 'ZZZ'),
('BUS 187', '1', 'Global Business Strategy', 'IN-PERSON - FORMAL EXAM - SJSU CAMPUS', '2024-12-16 08:30:00', '2024-12-16 10:30:00', 'BUS', '201', '1-35', 'AAA', 'ZZZ'),
('PSYC 1', '1', 'General Psychology', 'IN-PERSON - FORMAL EXAM - SJSU CAMPUS', '2024-12-17 08:30:00', '2024-12-17 10:30:00', 'CL', '203', '1-30', 'AAA', 'ZZZ'),
('PSYC 100W', '1', 'Writing Workshop', 'IN-PERSON - FORMAL EXAM - SJSU CAMPUS', '2024-12-18 08:30:00', '2024-12-18 10:30:00', 'CL', '203', '1-25', 'AAA', 'ZZZ'),
('CHEM 1A', '1', 'General Chemistry', 'IN-PERSON - FORMAL EXAM - SJSU CAMPUS', '2024-12-15 08:30:00', '2024-12-15 10:30:00', 'SCI', '202', '1-30', 'AAA', 'ZZZ'),
('CHEM 1B', '1', 'General Chemistry', 'IN-PERSON - FORMAL EXAM - SJSU CAMPUS', '2024-12-16 08:30:00', '2024-12-16 10:30:00', 'SCI', '202', '1-30', 'AAA', 'ZZZ'),
('BIOL 1A', '1', 'General Biology', 'IN-PERSON - FORMAL EXAM - SJSU CAMPUS', '2024-12-17 08:30:00', '2024-12-17 10:30:00', 'SCI', '203', '1-25', 'AAA', 'ZZZ'),
('BIOL 1B', '1', 'General Biology', 'IN-PERSON - FORMAL EXAM - SJSU CAMPUS', '2024-12-18 08:30:00', '2024-12-18 10:30:00', 'SCI', '203', '1-25', 'AAA', 'ZZZ'),
('ART 24', '1', 'Art History', 'IN-PERSON - FORMAL EXAM - SJSU CAMPUS', '2024-12-15 08:30:00', '2024-12-15 10:30:00', 'ART', '101', '1-20', 'AAA', 'ZZZ'),
('MUSC 10A', '1', 'Music Appreciation', 'IN-PERSON - FORMAL EXAM - SJSU CAMPUS', '2024-12-16 08:30:00', '2024-12-16 10:30:00', 'MUS', '101', '1-25', 'AAA', 'ZZZ'),
('KIN 70', '1', 'Physical Education', 'IN-PERSON - PRACTICAL EXAM - SJSU CAMPUS', '2024-12-15 08:30:00', '2024-12-15 10:30:00', 'GYM', 'Main Court', '1-15', 'AAA', 'ZZZ'),
('KIN 75', '1', 'Physical Education', 'IN-PERSON - PRACTICAL EXAM - SJSU CAMPUS', '2024-12-16 08:30:00', '2024-12-16 10:30:00', 'GYM', 'Main Court', '16-30', 'AAA', 'ZZZ'),
('COMM 20', '1', 'Public Speaking', 'IN-PERSON - ORAL EXAM - SJSU CAMPUS', '2024-12-17 08:30:00', '2024-12-17 10:30:00', 'CL', '204', '1-20', 'AAA', 'ZZZ'),
('COMM 45', '1', 'Interpersonal Communication', 'IN-PERSON - ORAL EXAM - SJSU CAMPUS', '2024-12-18 08:30:00', '2024-12-18 10:30:00', 'CL', '204', '1-20', 'AAA', 'ZZZ'),
('PHIL 10', '1', 'Introduction to Philosophy', 'IN-PERSON - FORMAL EXAM - SJSU CAMPUS', '2024-12-15 08:30:00', '2024-12-15 10:30:00', 'CL', '205', '1-25', 'AAA', 'ZZZ'),
('PHIL 25', '1', 'Logic', 'IN-PERSON - FORMAL EXAM - SJSU CAMPUS', '2024-12-16 08:30:00', '2024-12-16 10:30:00', 'CL', '205', '1-25', 'AAA', 'ZZZ'),
('SOC 1', '1', 'Introduction to Sociology', 'IN-PERSON - FORMAL EXAM - SJSU CAMPUS', '2024-12-17 08:30:00', '2024-12-17 10:30:00', 'CL', '206', '1-30', 'AAA', 'ZZZ'),
('SOC 15', '1', 'Social Problems', 'IN-PERSON - FORMAL EXAM - SJSU CAMPUS', '2024-12-18 08:30:00', '2024-12-18 10:30:00', 'CL', '206', '1-30', 'AAA', 'ZZZ'),
('ANTH 1', '1', 'Introduction to Anthropology', 'IN-PERSON - FORMAL EXAM - SJSU CAMPUS', '2024-12-15 08:30:00', '2024-12-15 10:30:00', 'CL', '207', '1-25', 'AAA', 'ZZZ'),
('ANTH 25', '1', 'Cultural Anthropology', 'IN-PERSON - FORMAL EXAM - SJSU CAMPUS', '2024-12-16 08:30:00', '2024-12-16 10:30:00', 'CL', '207', '1-25', 'AAA', 'ZZZ'),
('GEOG 1', '1', 'Physical Geography', 'IN-PERSON - FORMAL EXAM - SJSU CAMPUS', '2024-12-17 08:30:00', '2024-12-17 10:30:00', 'CL', '208', '1-20', 'AAA', 'ZZZ'),
('GEOG 2', '1', 'Cultural Geography', 'IN-PERSON - FORMAL EXAM - SJSU CAMPUS', '2024-12-18 08:30:00', '2024-12-18 10:30:00', 'CL', '208', '1-20', 'AAA', 'ZZZ'),
('SPAN 1A', '1', 'Elementary Spanish', 'IN-PERSON - FORMAL EXAM - SJSU CAMPUS', '2024-12-15 08:30:00', '2024-12-15 10:30:00', 'CL', '209', '1-20', 'AAA', 'ZZZ'),
('SPAN 1B', '1', 'Elementary Spanish', 'IN-PERSON - FORMAL EXAM - SJSU CAMPUS', '2024-12-16 08:30:00', '2024-12-16 10:30:00', 'CL', '209', '1-20', 'AAA', 'ZZZ'),
('FREN 1A', '1', 'Elementary French', 'IN-PERSON - FORMAL EXAM - SJSU CAMPUS', '2024-12-17 08:30:00', '2024-12-17 10:30:00', 'CL', '210', '1-15', 'AAA', 'ZZZ'),
('FREN 1B', '1', 'Elementary French', 'IN-PERSON - FORMAL EXAM - SJSU CAMPUS', '2024-12-18 08:30:00', '2024-12-18 10:30:00', 'CL', '210', '1-15', 'AAA', 'ZZZ'),
('JPN 1A', '1', 'Elementary Japanese', 'IN-PERSON - FORMAL EXAM - SJSU CAMPUS', '2024-12-15 08:30:00', '2024-12-15 10:30:00', 'CL', '211', '1-15', 'AAA', 'ZZZ'),
('JPN 1B', '1', 'Elementary Japanese', 'IN-PERSON - FORMAL EXAM - SJSU CAMPUS', '2024-12-16 08:30:00', '2024-12-16 10:30:00', 'CL', '211', '1-15', 'AAA', 'ZZZ'),
('CHIN 1A', '1', 'Elementary Chinese', 'IN-PERSON - FORMAL EXAM - SJSU CAMPUS', '2024-12-17 08:30:00', '2024-12-17 10:30:00', 'CL', '212', '1-15', 'AAA', 'ZZZ'),
('CHIN 1B', '1', 'Elementary Chinese', 'IN-PERSON - FORMAL EXAM - SJSU CAMPUS', '2024-12-18 08:30:00', '2024-12-18 10:30:00', 'CL', '212', '1-15', 'AAA', 'ZZZ');

-- Insert sample historical exam data (from Historic_Schedule.csv)
INSERT INTO historic_exams (course, section, year, exam_type, exam_start_time, exam_end_time, building, room, rows_from, row_start, row_end) VALUES
('ACCT 351', '1', 'F2023', 'IN-PERSON - FORMAL EXAM - D.T. CAMPUS', '2023-12-20 09:00:00', '2023-12-20 12:00:00', 'GYM', 'BLEACHERS', '1-5', 'AAA', 'ZZZ'),
('ACCT 351', '2', 'F2023', 'IN-PERSON - FORMAL EXAM - D.T. CAMPUS', '2023-12-20 09:00:00', '2023-12-20 12:00:00', 'GYM', 'BLEACHERS', '1-5', 'AAA', 'ZZZ'),
('ACCT 352', '1', 'F2023', 'IN-PERSON - FORMAL EXAM - D.T. CAMPUS', '2023-12-13 09:00:00', '2023-12-13 12:00:00', 'GYM', 'Fieldhouse', '38-39', 'AAA', 'ZZZ'),
('ACCT 354', '1', 'F2023', 'IN-PERSON - FORMAL EXAM - D.T. CAMPUS', '2023-12-13 09:00:00', '2023-12-13 12:00:00', 'GYM', 'Fieldhouse', '12-14', 'AAA', 'ZZZ'),
('ACCT 354', '2', 'F2023', 'IN-PERSON - FORMAL EXAM - D.T. CAMPUS', '2023-12-13 09:00:00', '2023-12-13 12:00:00', 'GYM', 'Fieldhouse', '12-14', 'AAA', 'ZZZ'),
('ACCT 361', '1', 'F2023', 'IN-PERSON - FORMAL EXAM - D.T. CAMPUS', '2023-12-14 18:30:00', '2023-12-14 21:30:00', 'GYM', 'Fieldhouse', '33-36', 'AAA', 'ZZZ'),
('ACCT 361', '2', 'F2023', 'IN-PERSON - FORMAL EXAM - D.T. CAMPUS', '2023-12-14 18:30:00', '2023-12-14 21:30:00', 'GYM', 'Fieldhouse', '33-36', 'AAA', 'ZZZ'),
('ACCT 362', '1', 'F2023', 'IN-PERSON - FORMAL EXAM - D.T. CAMPUS', '2023-12-21 14:00:00', '2023-12-21 17:00:00', 'GYM', 'main gym', '11-13', 'AAA', 'ZZZ'),
('ACCT 385', '1', 'F2023', 'IN-PERSON - FORMAL EXAM - D.T. CAMPUS', '2023-12-07 14:00:00', '2023-12-07 17:00:00', 'GYM', 'Fieldhouse', '17-19', 'AAA', 'ZZZ'),
('ACCT 385', '2', 'F2023', 'IN-PERSON - FORMAL EXAM - D.T. CAMPUS', '2023-12-07 14:00:00', '2023-12-07 17:00:00', 'GYM', 'Fieldhouse', '17-19', 'AAA', 'ZZZ'),
('CS 46A', '1', 'F2023', 'IN-PERSON - FORMAL EXAM - SJSU CAMPUS', '2023-12-15 08:30:00', '2023-12-15 10:30:00', 'ENG', '280', '1-15', 'AAA', 'ZZZ'),
('CS 46B', '1', 'F2023', 'IN-PERSON - FORMAL EXAM - SJSU CAMPUS', '2023-12-16 08:30:00', '2023-12-16 10:30:00', 'ENG', '280', '1-20', 'AAA', 'ZZZ'),
('CS 146', '1', 'F2023', 'IN-PERSON - FORMAL EXAM - SJSU CAMPUS', '2023-12-17 08:30:00', '2023-12-17 10:30:00', 'ENG', '280', '1-25', 'AAA', 'ZZZ'),
('MATH 30', '1', 'F2023', 'IN-PERSON - FORMAL EXAM - SJSU CAMPUS', '2023-12-15 08:30:00', '2023-12-15 10:30:00', 'SCI', '206', '1-30', 'AAA', 'ZZZ'),
('MATH 31', '1', 'F2023', 'IN-PERSON - FORMAL EXAM - SJSU CAMPUS', '2023-12-16 08:30:00', '2023-12-16 10:30:00', 'SCI', '206', '1-25', 'AAA', 'ZZZ'),
('PHYS 50', '1', 'F2023', 'IN-PERSON - FORMAL EXAM - SJSU CAMPUS', '2023-12-15 08:30:00', '2023-12-15 10:30:00', 'SCI', '201', '1-35', 'AAA', 'ZZZ'),
('ENGL 1A', '1', 'F2023', 'IN-PERSON - FORMAL EXAM - SJSU CAMPUS', '2023-12-15 08:30:00', '2023-12-15 10:30:00', 'CL', '201', '1-25', 'AAA', 'ZZZ'),
('HIST 15', '1', 'F2023', 'IN-PERSON - FORMAL EXAM - SJSU CAMPUS', '2023-12-17 08:30:00', '2023-12-17 10:30:00', 'CL', '202', '1-30', 'AAA', 'ZZZ'),
('BUS 190', '1', 'F2023', 'IN-PERSON - FORMAL EXAM - SJSU CAMPUS', '2023-12-15 08:30:00', '2023-12-15 10:30:00', 'BUS', '201', '1-40', 'AAA', 'ZZZ'),
('PSYC 1', '1', 'F2023', 'IN-PERSON - FORMAL EXAM - SJSU CAMPUS', '2023-12-17 08:30:00', '2023-12-17 10:30:00', 'CL', '203', '1-30', 'AAA', 'ZZZ');

-- Insert course catalog data
INSERT INTO course_catalog (course_code, course_title, department, credits, description) VALUES
('CS 46A', 'Introduction to Programming', 'Computer Science', 3, 'Introduction to programming concepts using Java'),
('CS 46B', 'Advanced Programming', 'Computer Science', 3, 'Advanced programming concepts and data structures'),
('CS 146', 'Data Structures and Algorithms', 'Computer Science', 3, 'Advanced data structures and algorithm analysis'),
('CS 151', 'Object-Oriented Design', 'Computer Science', 3, 'Object-oriented programming and design patterns'),
('MATH 30', 'Calculus I', 'Mathematics', 4, 'Differential calculus and applications'),
('MATH 31', 'Calculus II', 'Mathematics', 4, 'Integral calculus and applications'),
('MATH 32', 'Calculus III', 'Mathematics', 4, 'Multivariable calculus and vector analysis'),
('PHYS 50', 'General Physics/Mechanics', 'Physics', 4, 'Classical mechanics and thermodynamics'),
('PHYS 51', 'General Physics/Electricity', 'Physics', 4, 'Electricity, magnetism, and waves'),
('ENGL 1A', 'First Year Writing', 'English', 3, 'College composition and rhetoric'),
('ENGL 1B', 'First Year Writing', 'English', 3, 'Advanced composition and research writing'),
('HIST 15', 'World History', 'History', 3, 'Survey of world civilizations'),
('HIST 20', 'US History', 'History', 3, 'Survey of American history'),
('BUS 190', 'Strategic Management', 'Business', 3, 'Strategic management and business policy'),
('BUS 187', 'Global Business Strategy', 'Business', 3, 'International business strategy'),
('PSYC 1', 'General Psychology', 'Psychology', 3, 'Introduction to psychological principles'),
('PSYC 100W', 'Writing Workshop', 'Psychology', 3, 'Advanced writing in psychology'),
('CHEM 1A', 'General Chemistry', 'Chemistry', 4, 'Fundamental principles of chemistry'),
('CHEM 1B', 'General Chemistry', 'Chemistry', 4, 'Advanced general chemistry concepts'),
('BIOL 1A', 'General Biology', 'Biology', 4, 'Introduction to biological principles'),
('BIOL 1B', 'General Biology', 'Biology', 4, 'Advanced biological concepts'),
('ART 24', 'Art History', 'Art', 3, 'Survey of art history'),
('MUSC 10A', 'Music Appreciation', 'Music', 3, 'Introduction to music appreciation'),
('KIN 70', 'Physical Education', 'Kinesiology', 1, 'Physical education and fitness'),
('KIN 75', 'Physical Education', 'Kinesiology', 1, 'Advanced physical education'),
('COMM 20', 'Public Speaking', 'Communication', 3, 'Principles of public speaking'),
('COMM 45', 'Interpersonal Communication', 'Communication', 3, 'Interpersonal communication theory'),
('PHIL 10', 'Introduction to Philosophy', 'Philosophy', 3, 'Introduction to philosophical thinking'),
('PHIL 25', 'Logic', 'Philosophy', 3, 'Formal logic and critical thinking'),
('SOC 1', 'Introduction to Sociology', 'Sociology', 3, 'Introduction to sociological principles'),
('SOC 15', 'Social Problems', 'Sociology', 3, 'Analysis of contemporary social issues'),
('ANTH 1', 'Introduction to Anthropology', 'Anthropology', 3, 'Introduction to anthropological concepts'),
('ANTH 25', 'Cultural Anthropology', 'Anthropology', 3, 'Study of human cultures'),
('GEOG 1', 'Physical Geography', 'Geography', 3, 'Physical geography and earth systems'),
('GEOG 2', 'Cultural Geography', 'Geography', 3, 'Human geography and cultural patterns'),
('SPAN 1A', 'Elementary Spanish', 'Spanish', 4, 'Beginning Spanish language'),
('SPAN 1B', 'Elementary Spanish', 'Spanish', 4, 'Continuing Spanish language'),
('FREN 1A', 'Elementary French', 'French', 4, 'Beginning French language'),
('FREN 1B', 'Elementary French', 'French', 4, 'Continuing French language'),
('JPN 1A', 'Elementary Japanese', 'Japanese', 4, 'Beginning Japanese language'),
('JPN 1B', 'Elementary Japanese', 'Japanese', 4, 'Continuing Japanese language'),
('CHIN 1A', 'Elementary Chinese', 'Chinese', 4, 'Beginning Chinese language'),
('CHIN 1B', 'Elementary Chinese', 'Chinese', 4, 'Continuing Chinese language'),
('ACCT 351', 'Intermediate Accounting I', 'Accounting', 3, 'Intermediate financial accounting'),
('ACCT 352', 'Intermediate Accounting II', 'Accounting', 3, 'Advanced financial accounting'),
('ACCT 354', 'Cost Accounting', 'Accounting', 3, 'Cost accounting principles'),
('ACCT 361', 'Taxation I', 'Accounting', 3, 'Individual income taxation'),
('ACCT 362', 'Taxation II', 'Accounting', 3, 'Corporate and partnership taxation'),
('ACCT 385', 'Auditing', 'Accounting', 3, 'Auditing principles and procedures'),
('ACCT 453', 'Advanced Accounting', 'Accounting', 3, 'Advanced accounting topics'),
('ACCT 463', 'Accounting Information Systems', 'Accounting', 3, 'Accounting information systems'),
('ACCT 475', 'Governmental Accounting', 'Accounting', 3, 'Governmental and nonprofit accounting');

-- Insert building information
INSERT INTO buildings (building_code, building_name, campus, address) VALUES
('ENG', 'Engineering Building', 'SJSU Campus', '1 Washington Square, San Jose, CA 95192'),
('SCI', 'Science Building', 'SJSU Campus', '1 Washington Square, San Jose, CA 95192'),
('CL', 'Clark Hall', 'SJSU Campus', '1 Washington Square, San Jose, CA 95192'),
('BUS', 'Business Building', 'SJSU Campus', '1 Washington Square, San Jose, CA 95192'),
('ART', 'Art Building', 'SJSU Campus', '1 Washington Square, San Jose, CA 95192'),
('MUS', 'Music Building', 'SJSU Campus', '1 Washington Square, San Jose, CA 95192'),
('GYM', 'Spartan Complex', 'SJSU Campus', '1 Washington Square, San Jose, CA 95192'),
('CENTEN', 'Centennial Hall', 'MAC Campus', 'Mac Campus Address'),
('SADB', 'Student Activities and Dining Building', 'SJSU Campus', '1 Washington Square, San Jose, CA 95192'),
('BURNSIDE', 'Burnside Hall', 'SJSU Campus', '1 Washington Square, San Jose, CA 95192'),
('STBIO', 'Science and Technology Building', 'SJSU Campus', '1 Washington Square, San Jose, CA 95192'),
('ENGTR', 'Engineering Technology Building', 'SJSU Campus', '1 Washington Square, San Jose, CA 95192'),
('MDHAR', 'MacDonald Hall', 'SJSU Campus', '1 Washington Square, San Jose, CA 95192'),
('MS2', 'Macdonald-Stewart Building', 'MAC Campus', 'Mac Campus Address'),
('TAKE', 'Take Home', 'Online', 'Online Course'),
('ONLINE', 'Online Exam', 'Online', 'Online Course');

-- Create a function to get exam statistics
CREATE OR REPLACE FUNCTION get_exam_statistics()
RETURNS TABLE (
    total_current_exams BIGINT,
    total_historic_exams BIGINT,
    total_courses BIGINT,
    total_buildings BIGINT
) AS $$
BEGIN
    RETURN QUERY
    SELECT 
        (SELECT COUNT(*) FROM current_exams) as total_current_exams,
        (SELECT COUNT(*) FROM historic_exams) as total_historic_exams,
        (SELECT COUNT(*) FROM course_catalog) as total_courses,
        (SELECT COUNT(*) FROM buildings) as total_buildings;
END;
$$ LANGUAGE plpgsql; 